-- phpMyAdmin SQL Dump
-- version 5.0.2
-- https://www.phpmyadmin.net/
--
-- Hôte : 127.0.0.1:3306
-- Généré le : ven. 25 mars 2022 à 15:43
-- Version du serveur :  5.7.31
-- Version de PHP : 7.4.9

SET SQL_MODE = "NO_AUTO_VALUE_ON_ZERO";
START TRANSACTION;
SET time_zone = "+00:00";


/*!40101 SET @OLD_CHARACTER_SET_CLIENT=@@CHARACTER_SET_CLIENT */;
/*!40101 SET @OLD_CHARACTER_SET_RESULTS=@@CHARACTER_SET_RESULTS */;
/*!40101 SET @OLD_COLLATION_CONNECTION=@@COLLATION_CONNECTION */;
/*!40101 SET NAMES utf8mb4 */;

--
-- Base de données : `stage`
--

-- --------------------------------------------------------

--
-- Structure de la table `basket_product`
--

DROP TABLE IF EXISTS `basket_product`;
CREATE TABLE IF NOT EXISTS `basket_product` (
  `product_fk` int(10) UNSIGNED NOT NULL,
  `basket_fk` int(11) NOT NULL,
  PRIMARY KEY (`product_fk`,`basket_fk`),
  KEY `fk_mdf58_product_has_mdf58_basket_mdf58_basket1_idx` (`basket_fk`),
  KEY `fk_mdf58_product_has_mdf58_basket_mdf58_product1_idx` (`product_fk`)
) ENGINE=InnoDB DEFAULT CHARSET=utf8;

-- --------------------------------------------------------

--
-- Structure de la table `mdf58_basket`
--

DROP TABLE IF EXISTS `mdf58_basket`;
CREATE TABLE IF NOT EXISTS `mdf58_basket` (
  `id` int(11) NOT NULL AUTO_INCREMENT,
  `quantity` int(10) UNSIGNED NOT NULL,
  `price` int(10) UNSIGNED NOT NULL,
  `product_fk` int(10) UNSIGNED NOT NULL,
  `user_fk` int(10) UNSIGNED NOT NULL,
  PRIMARY KEY (`id`),
  UNIQUE KEY `id_UNIQUE` (`id`),
  KEY `fk_mdf58_basket_mdf58_product1_idx` (`product_fk`),
  KEY `fk_mdf58_basket_mdf58_user1_idx` (`user_fk`)
) ENGINE=InnoDB DEFAULT CHARSET=utf8;

-- --------------------------------------------------------

--
-- Structure de la table `mdf58_category`
--

DROP TABLE IF EXISTS `mdf58_category`;
CREATE TABLE IF NOT EXISTS `mdf58_category` (
  `id` int(10) UNSIGNED NOT NULL AUTO_INCREMENT,
  `name` varchar(45) NOT NULL,
  PRIMARY KEY (`id`)
) ENGINE=InnoDB AUTO_INCREMENT=11 DEFAULT CHARSET=utf8;

--
-- Déchargement des données de la table `mdf58_category`
--

INSERT INTO `mdf58_category` (`id`, `name`) VALUES
(1, 'Disney'),
(2, 'Drapeaux'),
(3, 'Frère et Soeur'),
(4, 'marques'),
(5, 'Marraine Parrain'),
(6, 'Messages'),
(7, 'parents'),
(8, 'sport'),
(9, 'Animaux'),
(10, 'logo divers');

-- --------------------------------------------------------

--
-- Structure de la table `mdf58_order`
--

DROP TABLE IF EXISTS `mdf58_order`;
CREATE TABLE IF NOT EXISTS `mdf58_order` (
  `id` int(10) UNSIGNED NOT NULL AUTO_INCREMENT,
  `basket_fk` int(11) NOT NULL,
  `user_fk` int(10) UNSIGNED NOT NULL,
  PRIMARY KEY (`id`),
  UNIQUE KEY `id_UNIQUE` (`id`),
  KEY `fk_mdf58_order_mdf58_basket1_idx` (`basket_fk`),
  KEY `fk_mdf58_order_mdf58_user1_idx` (`user_fk`)
) ENGINE=InnoDB DEFAULT CHARSET=utf8;

-- --------------------------------------------------------

--
-- Structure de la table `mdf58_product`
--

DROP TABLE IF EXISTS `mdf58_product`;
CREATE TABLE IF NOT EXISTS `mdf58_product` (
  `id` int(10) UNSIGNED NOT NULL AUTO_INCREMENT,
  `product_name` varchar(255) NOT NULL,
  `price` double NOT NULL,
  `image` varchar(45) NOT NULL,
  `category_fk` int(10) UNSIGNED NOT NULL,
  PRIMARY KEY (`id`),
  UNIQUE KEY `id_UNIQUE` (`id`),
  KEY `fk_mdf58_product_mdf58_category1_idx` (`category_fk`)
) ENGINE=InnoDB AUTO_INCREMENT=796 DEFAULT CHARSET=utf8;

--
-- Déchargement des données de la table `mdf58_product`
--

INSERT INTO `mdf58_product` (`id`, `product_name`, `price`, `image`, `category_fk`) VALUES
(1, 'disney 1', 9, 'disney (1)', 1),
(2, 'disney 2', 9, 'disney (2)', 1),
(3, 'disney 3', 9, 'disney (3)', 1),
(4, 'disney 4', 9, 'disney (4)', 1),
(5, 'disney 5', 9, 'disney (5)', 1),
(6, 'disney 6', 9, 'disney (6)', 1),
(7, 'disney 7', 9, 'disney (7)', 1),
(8, 'disney 8', 9, 'disney (8)', 1),
(9, 'disney 9', 9, 'disney (9)', 1),
(10, 'disney 10', 9, 'disney (10)', 1),
(11, 'disney 11', 9, 'disney (11)', 1),
(12, 'disney 12', 9, 'disney (12)', 1),
(13, 'disney 13', 9, 'disney (13)', 1),
(14, 'disney 14', 9, 'disney (14)', 1),
(15, 'disney 15', 9, 'disney (15)', 1),
(16, 'disney 16', 9, 'disney (16)', 1),
(17, 'disney 17', 9, 'disney (17)', 1),
(18, 'disney 18', 9, 'disney (18)', 1),
(19, 'disney 19', 9, 'disney (19)', 1),
(20, 'disney 20', 9, 'disney (20)', 1),
(21, 'disney 21', 9, 'disney (21)', 1),
(22, 'disney 22', 9, 'disney (22)', 1),
(23, 'disney 23', 9, 'disney (23)', 1),
(24, 'disney 24', 9, 'disney (24)', 1),
(25, 'disney 25', 9, 'disney (25)', 1),
(26, 'disney 26', 9, 'disney (26)', 1),
(27, 'disney 27', 9, 'disney (27)', 1),
(28, 'disney 28', 9, 'disney (28)', 1),
(29, 'disney 29', 9, 'disney (29)', 1),
(30, 'disney 30', 9, 'disney (30)', 1),
(31, 'disney 31', 9, 'disney (31)', 1),
(32, 'disney 32', 9, 'disney (32)', 1),
(33, 'disney 33', 9, 'disney (33)', 1),
(34, 'disney 34', 9, 'disney (34)', 1),
(35, 'disney 35', 9, 'disney (35)', 1),
(36, 'disney 36', 9, 'disney (36)', 1),
(37, 'disney 37', 9, 'disney (37)', 1),
(38, 'disney 38', 9, 'disney (38)', 1),
(39, 'disney 39', 9, 'disney (39)', 1),
(40, 'disney 40', 9, 'disney (40)', 1),
(41, 'disney 41', 9, 'disney (41)', 1),
(42, 'disney 42', 9, 'disney (42)', 1),
(43, 'disney 43', 9, 'disney (43)', 1),
(44, 'disney 44', 9, 'disney (44)', 1),
(45, 'disney 45', 9, 'disney (45)', 1),
(46, 'disney 46', 9, 'disney (46)', 1),
(47, 'disney 47', 9, 'disney (47)', 1),
(48, 'disney 48', 9, 'disney (48)', 1),
(49, 'disney 49', 9, 'disney (49)', 1),
(50, 'disney 50', 9, 'disney (50)', 1),
(51, 'disney 51', 9, 'disney (51)', 1),
(52, 'disney 52', 9, 'disney (52)', 1),
(53, 'drapeau 1', 9, 'drapeau (1)', 2),
(54, 'drapeau 2', 9, 'drapeau (2)', 2),
(55, 'drapeau 3', 9, 'drapeau (3)', 2),
(56, 'drapeau 4', 9, 'drapeau (4)', 2),
(57, 'drapeau 5', 9, 'drapeau (5)', 2),
(58, 'drapeau 6', 9, 'drapeau (6)', 2),
(59, 'drapeau 7', 9, 'drapeau (7)', 2),
(60, 'drapeau 8', 9, 'drapeau (8)', 2),
(61, 'drapeau 9', 9, 'drapeau (9)', 2),
(62, 'drapeau 10', 9, 'drapeau (10)', 2),
(63, 'drapeau 11', 9, 'drapeau (11)', 2),
(64, 'drapeau 12', 9, 'drapeau (12)', 2),
(65, 'drapeau 13', 9, 'drapeau (13)', 2),
(66, 'drapeau 14', 9, 'drapeau (14)', 2),
(67, 'drapeau 15', 9, 'drapeau (15)', 2),
(68, 'drapeau 16', 9, 'drapeau (16)', 2),
(69, 'drapeau 17', 9, 'drapeau (17)', 2),
(70, 'drapeau 18', 9, 'drapeau (18)', 2),
(71, 'drapeau 19', 9, 'drapeau (19)', 2),
(72, 'drapeau 20', 9, 'drapeau (20)', 2),
(73, 'drapeau 21', 9, 'drapeau (21)', 2),
(74, 'drapeau 22', 9, 'drapeau (22)', 2),
(75, 'drapeau 23', 9, 'drapeau (23)', 2),
(76, 'drapeau 24', 9, 'drapeau (24)', 2),
(77, 'drapeau 25', 9, 'drapeau (25)', 2),
(78, 'drapeau 26', 9, 'drapeau (26)', 2),
(79, 'drapeau 27', 9, 'drapeau (27)', 2),
(80, 'drapeau 28', 9, 'drapeau (28)', 2),
(81, 'drapeau 29', 9, 'drapeau (29)', 2),
(82, 'drapeau 30', 9, 'drapeau (30)', 2),
(83, 'drapeau 31', 9, 'drapeau (31)', 2),
(84, 'drapeau 32', 9, 'drapeau (32)', 2),
(85, 'drapeau 33', 9, 'drapeau (33)', 2),
(86, 'drapeau 34', 9, 'drapeau (34)', 2),
(87, 'drapeau 35', 9, 'drapeau (35)', 2),
(88, 'drapeau 36', 9, 'drapeau (36)', 2),
(89, 'drapeau 37', 9, 'drapeau (37)', 2),
(90, 'drapeau 38', 9, 'drapeau (38)', 2),
(91, 'drapeau 39', 9, 'drapeau (39)', 2),
(92, 'drapeau 40', 9, 'drapeau (40)', 2),
(93, 'frereEtSoeur 1', 9, 'frereetsoeur(1)', 3),
(94, 'frereEtSoeur 2', 9, 'frereetsoeur(2)', 3),
(95, 'frereEtSoeur 3', 9, 'frereetsoeur(3)', 3),
(96, 'frereEtSoeur 4', 9, 'frereetsoeur(4)', 3),
(97, 'frereEtSoeur 5', 9, 'frereetsoeur(5)', 3),
(98, 'frereEtSoeur 6', 9, 'frereetsoeur(6)', 3),
(99, 'frereEtSoeur 7', 9, 'frereetsoeur(7)', 3),
(100, 'frereEtSoeur 8', 9, 'frereetsoeur(8)', 3),
(101, 'frereEtSoeur 9', 9, 'frereetsoeur(9)', 3),
(102, 'frereEtSoeur 10', 9, 'frereetsoeur(10)', 3),
(103, 'frereEtSoeur 11', 9, 'frereetsoeur(11)', 3),
(104, 'frereEtSoeur 12', 9, 'frereetsoeur(12)', 3),
(105, 'frereEtSoeur 13', 9, 'frereetsoeur(13)', 3),
(106, 'frereEtSoeur 14', 9, 'frereetsoeur(14)', 3),
(107, 'frereEtSoeur 15', 9, 'frereetsoeur(15)', 3),
(108, 'frereEtSoeur 16', 9, 'frereetsoeur(16)', 3),
(109, 'frereEtSoeur 17', 9, 'frereetsoeur(17)', 3),
(110, 'frereEtSoeur 18', 9, 'frereetsoeur(18)', 3),
(111, 'frereEtSoeur 19', 9, 'frereetsoeur(19)', 3),
(112, 'frereEtSoeur 20', 9, 'frereetsoeur(20)', 3),
(113, 'frereEtSoeur 21', 9, 'frereetsoeur(21)', 3),
(114, 'frereEtSoeur 22', 9, 'frereetsoeur(22)', 3),
(115, 'frereEtSoeur 23', 9, 'frereetsoeur(23)', 3),
(116, 'frereEtSoeur 24', 9, 'frereetsoeur(24)', 3),
(117, 'frereEtSoeur 25', 9, 'frereetsoeur(25)', 3),
(118, 'frereEtSoeur 26', 9, 'frereetsoeur(26)', 3),
(119, 'frereEtSoeur 27', 9, 'frereetsoeur(27)', 3),
(120, 'frereEtSoeur 28', 9, 'frereetsoeur(28)', 3),
(121, 'frereEtSoeur 29', 9, 'frereetsoeur(29)', 3),
(122, 'frereEtSoeur 30', 9, 'frereetsoeur(30)', 3),
(123, 'frereEtSoeur 31', 9, 'frereetsoeur(31)', 3),
(124, 'marques 1', 9, 'marques (1)', 4),
(125, 'marques 2', 9, 'marques (2)', 4),
(126, 'marques 3', 9, 'marques (3)', 4),
(127, 'marques 4', 9, 'marques (4)', 4),
(128, 'marques 5', 9, 'marques (5)', 4),
(129, 'marques 6', 9, 'marques (6)', 4),
(130, 'marques 7', 9, 'marques (7)', 4),
(131, 'marques 8', 9, 'marques (8)', 4),
(132, 'marques 9', 9, 'marques (9)', 4),
(133, 'marques 10', 9, 'marques (10)', 4),
(134, 'marques 11', 9, 'marques (11)', 4),
(135, 'marques 12', 9, 'marques (12)', 4),
(136, 'marques 13', 9, 'marques (13)', 4),
(137, 'marques 14', 9, 'marques (14)', 4),
(138, 'marques 15', 9, 'marques (15)', 4),
(139, 'marques 16', 9, 'marques (16)', 4),
(140, 'marques 17', 9, 'marques (17)', 4),
(141, 'marques 18', 9, 'marques (18)', 4),
(142, 'marques 19', 9, 'marques (19)', 4),
(143, 'marques 20', 9, 'marques (20)', 4),
(144, 'marraineParrain 1', 9, 'marraineparrain (1)', 5),
(145, 'marraineParrain 2', 9, 'marraineparrain (2)', 5),
(146, 'marraineParrain 3', 9, 'marraineparrain (3)', 5),
(147, 'marraineParrain 4', 9, 'marraineparrain (4)', 5),
(148, 'marraineParrain 5', 9, 'marraineparrain (5)', 5),
(149, 'marraineParrain 6', 9, 'marraineparrain (6)', 5),
(150, 'marraineParrain 7', 9, 'marraineparrain (7)', 5),
(151, 'marraineParrain 8', 9, 'marraineparrain (8)', 5),
(152, 'marraineParrain 9', 9, 'marraineparrain (9)', 5),
(153, 'marraineParrain 10', 9, 'marraineparrain (10)', 5),
(154, 'marraineParrain 11', 9, 'marraineparrain (11)', 5),
(155, 'marraineParrain 12', 9, 'marraineparrain (12)', 5),
(156, 'marraineParrain 13', 9, 'marraineparrain (13)', 5),
(157, 'marraineParrain 14', 9, 'marraineparrain (14)', 5),
(158, 'marraineParrain 15', 9, 'marraineparrain (15)', 5),
(159, 'marraineParrain 16', 9, 'marraineparrain (16)', 5),
(160, 'marraineParrain 17', 9, 'marraineparrain (17)', 5),
(161, 'marraineParrain 18', 9, 'marraineparrain (18)', 5),
(162, 'marraineParrain 19', 9, 'marraineparrain (19)', 5),
(163, 'marraineParrain 20', 9, 'marraineparrain (20)', 5),
(164, 'marraineParrain 21', 9, 'marraineparrain (21)', 5),
(165, 'marraineParrain 22', 9, 'marraineparrain (22)', 5),
(166, 'marraineParrain 23', 9, 'marraineparrain (23)', 5),
(167, 'marraineParrain 24', 9, 'marraineparrain (24)', 5),
(168, 'marraineParrain 25', 9, 'marraineparrain (25)', 5),
(169, 'marraineParrain 26', 9, 'marraineparrain (26)', 5),
(170, 'marraineParrain 27', 9, 'marraineparrain (27)', 5),
(171, 'marraineParrain 28', 9, 'marraineparrain (28)', 5),
(172, 'marraineParrain 29', 9, 'marraineparrain (29)', 5),
(173, 'marraineParrain 30', 9, 'marraineparrain (30)', 5),
(174, 'marraineParrain 31', 9, 'marraineparrain (31)', 5),
(175, 'marraineParrain 32', 9, 'marraineparrain (32)', 5),
(176, 'marraineParrain 33', 9, 'marraineparrain (33)', 5),
(177, 'marraineParrain 34', 9, 'marraineparrain (34)', 5),
(178, 'marraineParrain 35', 9, 'marraineparrain (35)', 5),
(179, 'marraineParrain 36', 9, 'marraineparrain (36)', 5),
(180, 'marraineParrain 37', 9, 'marraineparrain (37)', 5),
(181, 'marraineParrain 38', 9, 'marraineparrain (38)', 5),
(182, 'marraineParrain 39', 9, 'marraineparrain (39)', 5),
(183, 'marraineParrain 40', 9, 'marraineparrain (40)', 5),
(184, 'marraineParrain 41', 9, 'marraineparrain (41)', 5),
(185, 'marraineParrain 42', 9, 'marraineparrain (42)', 5),
(186, 'marraineParrain 43', 9, 'marraineparrain (43)', 5),
(187, 'marraineParrain 44', 9, 'marraineparrain (44)', 5),
(188, 'marraineParrain 45', 9, 'marraineparrain (45)', 5),
(189, 'marraineParrain 46', 9, 'marraineparrain (46)', 5),
(190, 'marraineParrain 47', 9, 'marraineparrain (47)', 5),
(191, 'marraineParrain 48', 9, 'marraineparrain (48)', 5),
(192, 'marraineParrain 49', 9, 'marraineparrain (49)', 5),
(193, 'marraineParrain 50', 9, 'marraineparrain (50)', 5),
(194, 'marraineParrain 51', 9, 'marraineparrain (51)', 5),
(195, 'marraineParrain 52', 9, 'marraineparrain (52)', 5),
(196, 'marraineParrain 53', 9, 'marraineparrain (53)', 5),
(197, 'marraineParrain 54', 9, 'marraineparrain (54)', 5),
(198, 'marraineParrain 55', 9, 'marraineparrain (55)', 5),
(199, 'marraineParrain 56', 9, 'marraineparrain (56)', 5),
(200, 'marraineParrain 57', 9, 'marraineparrain (57)', 5),
(201, 'marraineParrain 58', 9, 'marraineparrain (58)', 5),
(202, 'marraineParrain 59', 9, 'marraineparrain (59)', 5),
(203, 'marraineParrain 60', 9, 'marraineparrain (60)', 5),
(204, 'marraineParrain 61', 9, 'marraineparrain (61)', 5),
(205, 'marraineParrain 62', 9, 'marraineparrain (62)', 5),
(206, 'marraineParrain 63', 9, 'marraineparrain (63)', 5),
(207, 'marraineParrain 64', 9, 'marraineparrain (64)', 5),
(208, 'marraineParrain 65', 9, 'marraineparrain (65)', 5),
(209, 'marraineParrain 66', 9, 'marraineparrain (66)', 5),
(210, 'marraineParrain 67', 9, 'marraineparrain (67)', 5),
(211, 'marraineParrain 68', 9, 'marraineparrain (68)', 5),
(212, 'marraineParrain 69', 9, 'marraineparrain (69)', 5),
(213, 'marraineParrain 70', 9, 'marraineparrain (70)', 5),
(214, 'marraineParrain 71', 9, 'marraineparrain (71)', 5),
(215, 'marraineParrain 72', 9, 'marraineparrain (72)', 5),
(216, 'marraineParrain 73', 9, 'marraineparrain (73)', 5),
(217, 'marraineParrain 74', 9, 'marraineparrain (74)', 5),
(218, 'marraineParrain 75', 9, 'marraineparrain (75)', 5),
(219, 'marraineParrain 76', 9, 'marraineparrain (76)', 5),
(220, 'marraineParrain 77', 9, 'marraineparrain (77)', 5),
(221, 'marraineParrain 78', 9, 'marraineparrain (78)', 5),
(222, 'marraineParrain 79', 9, 'marraineparrain (79)', 5),
(223, 'message 1', 9, 'message (1)', 6),
(224, 'message 2', 9, 'message (2)', 6),
(225, 'message 3', 9, 'message (3)', 6),
(226, 'message 4', 9, 'message (4)', 6),
(227, 'message 5', 9, 'message (5)', 6),
(228, 'message 6', 9, 'message (6)', 6),
(229, 'message 7', 9, 'message (7)', 6),
(230, 'message 8', 9, 'message (8)', 6),
(231, 'message 9', 9, 'message (9)', 6),
(232, 'message 10', 9, 'message (10)', 6),
(233, 'message 11', 9, 'message (11)', 6),
(234, 'message 12', 9, 'message (12)', 6),
(235, 'message 13', 9, 'message (13)', 6),
(236, 'message 14', 9, 'message (14)', 6),
(237, 'message 15', 9, 'message (15)', 6),
(238, 'message 16', 9, 'message (16)', 6),
(239, 'message 17', 9, 'message (17)', 6),
(240, 'message 18', 9, 'message (18)', 6),
(241, 'message 19', 9, 'message (19)', 6),
(242, 'message 20', 9, 'message (20)', 6),
(243, 'message 21', 9, 'message (21)', 6),
(244, 'message 22', 9, 'message (22)', 6),
(245, 'message 23', 9, 'message (23)', 6),
(246, 'message 24', 9, 'message (24)', 6),
(247, 'message 25', 9, 'message (25)', 6),
(248, 'message 26', 9, 'message (26)', 6),
(249, 'message 27', 9, 'message (27)', 6),
(250, 'message 28', 9, 'message (28)', 6),
(251, 'message 29', 9, 'message (29)', 6),
(252, 'message 30', 9, 'message (30)', 6),
(253, 'message 31', 9, 'message (31)', 6),
(254, 'message 32', 9, 'message (32)', 6),
(255, 'message 33', 9, 'message (33)', 6),
(256, 'message 34', 9, 'message (34)', 6),
(257, 'message 35', 9, 'message (35)', 6),
(258, 'message 36', 9, 'message (36)', 6),
(259, 'message 37', 9, 'message (37)', 6),
(260, 'message 38', 9, 'message (38)', 6),
(261, 'message 39', 9, 'message (39)', 6),
(262, 'message 40', 9, 'message (40)', 6),
(263, 'message 41', 9, 'message (41)', 6),
(264, 'message 42', 9, 'message (42)', 6),
(265, 'message 43', 9, 'message (43)', 6),
(266, 'message 44', 9, 'message (44)', 6),
(267, 'message 45', 9, 'message (45)', 6),
(268, 'message 46', 9, 'message (46)', 6),
(269, 'message 47', 9, 'message (47)', 6),
(270, 'message 48', 9, 'message (48)', 6),
(271, 'message 49', 9, 'message (49)', 6),
(272, 'message 50', 9, 'message (50)', 6),
(273, 'message 51', 9, 'message (51)', 6),
(274, 'message 52', 9, 'message (52)', 6),
(275, 'message 53', 9, 'message (53)', 6),
(276, 'message 54', 9, 'message (54)', 6),
(277, 'message 55', 9, 'message (55)', 6),
(278, 'message 56', 9, 'message (56)', 6),
(279, 'message 57', 9, 'message (57)', 6),
(280, 'message 58', 9, 'message (58)', 6),
(281, 'message 59', 9, 'message (59)', 6),
(282, 'message 60', 9, 'message (60)', 6),
(283, 'message 61', 9, 'message (61)', 6),
(284, 'message 62', 9, 'message (62)', 6),
(285, 'message 63', 9, 'message (63)', 6),
(286, 'message 64', 9, 'message (64)', 6),
(287, 'message 65', 9, 'message (65)', 6),
(288, 'message 66', 9, 'message (66)', 6),
(289, 'message 67', 9, 'message (67)', 6),
(290, 'message 68', 9, 'message (68)', 6),
(291, 'message 69', 9, 'message (69)', 6),
(292, 'message 70', 9, 'message (70)', 6),
(293, 'message 71', 9, 'message (71)', 6),
(294, 'message 72', 9, 'message (72)', 6),
(295, 'message 73', 9, 'message (73)', 6),
(296, 'message 74', 9, 'message (74)', 6),
(297, 'message 75', 9, 'message (75)', 6),
(298, 'message 76', 9, 'message (76)', 6),
(299, 'message 77', 9, 'message (77)', 6),
(300, 'message 78', 9, 'message (78)', 6),
(301, 'message 79', 9, 'message (79)', 6),
(302, 'message 80', 9, 'message (80)', 6),
(303, 'message 81', 9, 'message (81)', 6),
(304, 'message 82', 9, 'message (82)', 6),
(305, 'message 83', 9, 'message (83)', 6),
(306, 'message 84', 9, 'message (84)', 6),
(307, 'message 85', 9, 'message (85)', 6),
(308, 'message 86', 9, 'message (86)', 6),
(309, 'message 87', 9, 'message (87)', 6),
(310, 'message 88', 9, 'message (88)', 6),
(311, 'message 89', 9, 'message (89)', 6),
(312, 'message 90', 9, 'message (90)', 6),
(313, 'message 91', 9, 'message (91)', 6),
(314, 'message 92', 9, 'message (92)', 6),
(315, 'message 93', 9, 'message (93)', 6),
(316, 'message 94', 9, 'message (94)', 6),
(317, 'message 95', 9, 'message (95)', 6),
(318, 'message 96', 9, 'message (96)', 6),
(319, 'message 97', 9, 'message (97)', 6),
(320, 'message 98', 9, 'message (98)', 6),
(321, 'message 99', 9, 'message (99)', 6),
(322, 'message 100', 9, 'message (100)', 6),
(323, 'message 101', 9, 'message (101)', 6),
(324, 'message 102', 9, 'message (102)', 6),
(325, 'message 103', 9, 'message (103)', 6),
(326, 'message 104', 9, 'message (104)', 6),
(327, 'message 105', 9, 'message (105)', 6),
(328, 'message 106', 9, 'message (106)', 6),
(329, 'message 107', 9, 'message (107)', 6),
(330, 'message 108', 9, 'message (108)', 6),
(331, 'message 109', 9, 'message (109)', 6),
(332, 'message 110', 9, 'message (110)', 6),
(333, 'message 111', 9, 'message (111)', 6),
(334, 'message 112', 9, 'message (112)', 6),
(335, 'message 113', 9, 'message (113)', 6),
(336, 'message 114', 9, 'message (114)', 6),
(337, 'message 115', 9, 'message (115)', 6),
(338, 'message 116', 9, 'message (116)', 6),
(339, 'message 117', 9, 'message (117)', 6),
(340, 'message 118', 9, 'message (118)', 6),
(341, 'message 119', 9, 'message (119)', 6),
(342, 'message 120', 9, 'message (120)', 6),
(343, 'message 121', 9, 'message (121)', 6),
(344, 'message 122', 9, 'message (122)', 6),
(345, 'message 123', 9, 'message (123)', 6),
(346, 'message 124', 9, 'message (124)', 6),
(347, 'message 125', 9, 'message (125)', 6),
(348, 'message 126', 9, 'message (126)', 6),
(349, 'message 127', 9, 'message (127)', 6),
(350, 'message 128', 9, 'message (128)', 6),
(351, 'message 129', 9, 'message (129)', 6),
(352, 'message 130', 9, 'message (130)', 6),
(353, 'message 131', 9, 'message (131)', 6),
(354, 'message 132', 9, 'message (132)', 6),
(355, 'message 133', 9, 'message (133)', 6),
(356, 'message 134', 9, 'message (134)', 6),
(357, 'message 135', 9, 'message (135)', 6),
(358, 'message 136', 9, 'message (136)', 6),
(359, 'message 137', 9, 'message (137)', 6),
(360, 'message 138', 9, 'message (138)', 6),
(361, 'message 139', 9, 'message (139)', 6),
(362, 'message 140', 9, 'message (140)', 6),
(363, 'message 141', 9, 'message (141)', 6),
(364, 'message 142', 9, 'message (142)', 6),
(365, 'message 143', 9, 'message (143)', 6),
(366, 'message 144', 9, 'message (144)', 6),
(367, 'message 145', 9, 'message (145)', 6),
(368, 'message 146', 9, 'message (146)', 6),
(369, 'message 147', 9, 'message (147)', 6),
(370, 'message 148', 9, 'message (148)', 6),
(371, 'message 149', 9, 'message (149)', 6),
(372, 'message 150', 9, 'message (150)', 6),
(373, 'message 151', 9, 'message (151)', 6),
(374, 'message 152', 9, 'message (152)', 6),
(375, 'message 153', 9, 'message (153)', 6),
(376, 'message 154', 9, 'message (154)', 6),
(377, 'message 155', 9, 'message (155)', 6),
(378, 'message 156', 9, 'message (156)', 6),
(379, 'message 157', 9, 'message (157)', 6),
(380, 'message 158', 9, 'message (158)', 6),
(381, 'parents 1', 9, 'parents (1)', 7),
(382, 'parents 2', 9, 'parents (2)', 7),
(383, 'parents 3', 9, 'parents (3)', 7),
(384, 'parents 4', 9, 'parents (4)', 7),
(385, 'parents 5', 9, 'parents (5)', 7),
(386, 'parents 6', 9, 'parents (6)', 7),
(387, 'parents 7', 9, 'parents (7)', 7),
(388, 'parents 8', 9, 'parents (8)', 7),
(389, 'parents 9', 9, 'parents (9)', 7),
(390, 'parents 10', 9, 'parents (10)', 7),
(391, 'parents 11', 9, 'parents (11)', 7),
(392, 'parents 12', 9, 'parents (12)', 7),
(393, 'parents 13', 9, 'parents (13)', 7),
(394, 'parents 14', 9, 'parents (14)', 7),
(395, 'parents 15', 9, 'parents (15)', 7),
(396, 'parents 16', 9, 'parents (16)', 7),
(397, 'parents 17', 9, 'parents (17)', 7),
(398, 'parents 18', 9, 'parents (18)', 7),
(399, 'parents 19', 9, 'parents (19)', 7),
(400, 'parents 20', 9, 'parents (20)', 7),
(401, 'parents 21', 9, 'parents (21)', 7),
(402, 'parents 22', 9, 'parents (22)', 7),
(403, 'parents 23', 9, 'parents (23)', 7),
(404, 'parents 24', 9, 'parents (24)', 7),
(405, 'parents 25', 9, 'parents (25)', 7),
(406, 'parents 26', 9, 'parents (26)', 7),
(407, 'parents 27', 9, 'parents (27)', 7),
(408, 'parents 28', 9, 'parents (28)', 7),
(409, 'parents 29', 9, 'parents (29)', 7),
(410, 'parents 30', 9, 'parents (30)', 7),
(411, 'parents 31', 9, 'parents (31)', 7),
(412, 'parents 32', 9, 'parents (32)', 7),
(413, 'parents 33', 9, 'parents (33)', 7),
(414, 'parents 34', 9, 'parents (34)', 7),
(415, 'parents 35', 9, 'parents (35)', 7),
(416, 'parents 36', 9, 'parents (36)', 7),
(417, 'parents 37', 9, 'parents (37)', 7),
(418, 'parents 38', 9, 'parents (38)', 7),
(419, 'parents 39', 9, 'parents (39)', 7),
(420, 'parents 40', 9, 'parents (40)', 7),
(421, 'parents 41', 9, 'parents (41)', 7),
(422, 'parents 42', 9, 'parents (42)', 7),
(423, 'parents 43', 9, 'parents (43)', 7),
(424, 'parents 44', 9, 'parents (44)', 7),
(425, 'parents 45', 9, 'parents (45)', 7),
(426, 'parents 46', 9, 'parents (46)', 7),
(427, 'parents 47', 9, 'parents (47)', 7),
(428, 'parents 48', 9, 'parents (48)', 7),
(429, 'parents 49', 9, 'parents (49)', 7),
(430, 'parents 50', 9, 'parents (50)', 7),
(431, 'parents 51', 9, 'parents (51)', 7),
(432, 'parents 52', 9, 'parents (52)', 7),
(433, 'parents 53', 9, 'parents (53)', 7),
(434, 'parents 54', 9, 'parents (54)', 7),
(435, 'parents 55', 9, 'parents (55)', 7),
(436, 'parents 56', 9, 'parents (56)', 7),
(437, 'parents 57', 9, 'parents (57)', 7),
(438, 'parents 58', 9, 'parents (58)', 7),
(439, 'parents 59', 9, 'parents (59)', 7),
(440, 'parents 60', 9, 'parents (60)', 7),
(441, 'parents 61', 9, 'parents (61)', 7),
(442, 'parents 62', 9, 'parents (62)', 7),
(443, 'parents 63', 9, 'parents (63)', 7),
(444, 'parents 64', 9, 'parents (64)', 7),
(445, 'parents 65', 9, 'parents (65)', 7),
(446, 'parents 66', 9, 'parents (66)', 7),
(447, 'parents 67', 9, 'parents (67)', 7),
(448, 'parents 68', 9, 'parents (68)', 7),
(449, 'parents 69', 9, 'parents (69)', 7),
(450, 'parents 70', 9, 'parents (70)', 7),
(451, 'parents 71', 9, 'parents (71)', 7),
(452, 'parents 72', 9, 'parents (72)', 7),
(453, 'parents 73', 9, 'parents (73)', 7),
(454, 'parents 74', 9, 'parents (74)', 7),
(455, 'parents 75', 9, 'parents (75)', 7),
(456, 'parents 76', 9, 'parents (76)', 7),
(457, 'parents 77', 9, 'parents (77)', 7),
(458, 'parents 78', 9, 'parents (78)', 7),
(459, 'parents 79', 9, 'parents (79)', 7),
(460, 'parents 80', 9, 'parents (80)', 7),
(461, 'parents 81', 9, 'parents (81)', 7),
(462, 'parents 82', 9, 'parents (82)', 7),
(463, 'parents 83', 9, 'parents (83)', 7),
(464, 'parents 84', 9, 'parents (84)', 7),
(465, 'parents 85', 9, 'parents (85)', 7),
(466, 'parents 86', 9, 'parents (86)', 7),
(467, 'parents 87', 9, 'parents (87)', 7),
(468, 'parents 88', 9, 'parents (88)', 7),
(469, 'parents 89', 9, 'parents (89)', 7),
(470, 'parents 90', 9, 'parents (90)', 7),
(471, 'parents 91', 9, 'parents (91)', 7),
(472, 'parents 92', 9, 'parents (92)', 7),
(473, 'parents 93', 9, 'parents (93)', 7),
(474, 'parents 94', 9, 'parents (94)', 7),
(475, 'parents 95', 9, 'parents (95)', 7),
(476, 'parents 96', 9, 'parents (96)', 7),
(477, 'parents 97', 9, 'parents (97)', 7),
(478, 'parents 98', 9, 'parents (98)', 7),
(479, 'parents 99', 9, 'parents (99)', 7),
(480, 'parents 100', 9, 'parents (100)', 7),
(481, 'parents 101', 9, 'parents (101)', 7),
(482, 'parents 102', 9, 'parents (102)', 7),
(483, 'parents 103', 9, 'parents (103)', 7),
(484, 'parents 104', 9, 'parents (104)', 7),
(485, 'parents 105', 9, 'parents (105)', 7),
(486, 'parents 106', 9, 'parents (106)', 7),
(487, 'parents 107', 9, 'parents (107)', 7),
(488, 'parents 108', 9, 'parents (108)', 7),
(489, 'parents 109', 9, 'parents (109)', 7),
(490, 'parents 110', 9, 'parents (110)', 7),
(491, 'parents 111', 9, 'parents (111)', 7),
(492, 'parents 112', 9, 'parents (112)', 7),
(493, 'sport 1', 9, 'sport (1)', 8),
(494, 'sport 2', 9, 'sport (2)', 8),
(495, 'sport 3', 9, 'sport (3)', 8),
(496, 'sport 4', 9, 'sport (4)', 8),
(497, 'sport 5', 9, 'sport (5)', 8),
(498, 'sport 6', 9, 'sport (6)', 8),
(499, 'sport 7', 9, 'sport (7)', 8),
(500, 'sport 8', 9, 'sport (8)', 8),
(501, 'sport 9', 9, 'sport (9)', 8),
(502, 'sport 10', 9, 'sport (10)', 8),
(503, 'sport 11', 9, 'sport (11)', 8),
(504, 'sport 12', 9, 'sport (12)', 8),
(505, 'sport 13', 9, 'sport (13)', 8),
(506, 'sport 14', 9, 'sport (14)', 8),
(507, 'sport 15', 9, 'sport (15)', 8),
(508, 'sport 16', 9, 'sport (16)', 8),
(509, 'sport 17', 9, 'sport (17)', 8),
(510, 'sport 18', 9, 'sport (18)', 8),
(511, 'sport 19', 9, 'sport (19)', 8),
(512, 'sport 20', 9, 'sport (20)', 8),
(513, 'sport 21', 9, 'sport (21)', 8),
(514, 'sport 22', 9, 'sport (22)', 8),
(515, 'sport 23', 9, 'sport (23)', 8),
(516, 'sport 24', 9, 'sport (24)', 8),
(517, 'sport 25', 9, 'sport (25)', 8),
(518, 'sport 26', 9, 'sport (26)', 8),
(519, 'sport 27', 9, 'sport (27)', 8),
(520, 'sport 28', 9, 'sport (28)', 8),
(521, 'sport 29', 9, 'sport (29)', 8),
(522, 'sport 30', 9, 'sport (30)', 8),
(523, 'sport 31', 9, 'sport (31)', 8),
(524, 'sport 32', 9, 'sport (32)', 8),
(525, 'sport 33', 9, 'sport (33)', 8),
(526, 'sport 34', 9, 'sport (34)', 8),
(527, 'sport 35', 9, 'sport (35)', 8),
(528, 'sport 36', 9, 'sport (36)', 8),
(529, 'sport 37', 9, 'sport (37)', 8),
(530, 'sport 38', 9, 'sport (38)', 8),
(531, 'sport 39', 9, 'sport (39)', 8),
(532, 'sport 40', 9, 'sport (40)', 8),
(533, 'sport 41', 9, 'sport (41)', 8),
(534, 'sport 42', 9, 'sport (42)', 8),
(535, 'sport 43', 9, 'sport (43)', 8),
(536, 'sport 44', 9, 'sport (44)', 8),
(537, 'sport 45', 9, 'sport (45)', 8),
(538, 'sport 46', 9, 'sport (46)', 8),
(539, 'sport 47', 9, 'sport (47)', 8),
(540, 'sport 48', 9, 'sport (48)', 8),
(541, 'sport 49', 9, 'sport (49)', 8),
(542, 'sport 50', 9, 'sport (50)', 8),
(543, 'sport 51', 9, 'sport (51)', 8),
(544, 'sport 52', 9, 'sport (52)', 8),
(545, 'animaux 1', 9, 'animaux (1)', 9),
(546, 'animaux 2', 9, 'animaux (2)', 9),
(547, 'animaux 3', 9, 'animaux (3)', 9),
(548, 'animaux 4', 9, 'animaux (4)', 9),
(549, 'animaux 5', 9, 'animaux (5)', 9),
(550, 'animaux 6', 9, 'animaux (6)', 9),
(551, 'animaux 7', 9, 'animaux (7)', 9),
(552, 'animaux 8', 9, 'animaux (8)', 9),
(553, 'animaux 9', 9, 'animaux (9)', 9),
(554, 'animaux 10', 9, 'animaux (10)', 9),
(555, 'animaux 11', 9, 'animaux (11)', 9),
(556, 'animaux 12', 9, 'animaux (12)', 9),
(557, 'animaux 13', 9, 'animaux (13)', 9),
(558, 'animaux 14', 9, 'animaux (14)', 9),
(559, 'animaux 15', 9, 'animaux (15)', 9),
(560, 'animaux 16', 9, 'animaux (16)', 9),
(561, 'animaux 17', 9, 'animaux (17)', 9),
(562, 'animaux 18', 9, 'animaux (18)', 9),
(563, 'animaux 19', 9, 'animaux (19)', 9),
(564, 'animaux 20', 9, 'animaux (20)', 9),
(565, 'animaux 21', 9, 'animaux (21)', 9),
(566, 'animaux 22', 9, 'animaux (22)', 9),
(567, 'animaux 23', 9, 'animaux (23)', 9),
(568, 'animaux 24', 9, 'animaux (24)', 9),
(569, 'animaux 25', 9, 'animaux (25)', 9),
(570, 'animaux 26', 9, 'animaux (26)', 9),
(571, 'animaux 27', 9, 'animaux (27)', 9),
(572, 'animaux 28', 9, 'animaux (28)', 9),
(573, 'animaux 29', 9, 'animaux (29)', 9),
(574, 'animaux 30', 9, 'animaux (30)', 9),
(575, 'animaux 31', 9, 'animaux (31)', 9),
(576, 'animaux 32', 9, 'animaux (32)', 9),
(577, 'animaux 33', 9, 'animaux (33)', 9),
(578, 'animaux 34', 9, 'animaux (34)', 9),
(579, 'animaux 35', 9, 'animaux (35)', 9),
(580, 'animaux 36', 9, 'animaux (36)', 9),
(581, 'animaux 37', 9, 'animaux (37)', 9),
(582, 'animaux 38', 9, 'animaux (38)', 9),
(583, 'animaux 39', 9, 'animaux (39)', 9),
(584, 'animaux 40', 9, 'animaux (40)', 9),
(585, 'animaux 41', 9, 'animaux (41)', 9),
(586, 'animaux 42', 9, 'animaux (42)', 9),
(587, 'animaux 43', 9, 'animaux (43)', 9),
(588, 'animaux 44', 9, 'animaux (44)', 9),
(589, 'animaux 45', 9, 'animaux (45)', 9),
(590, 'animaux 46', 9, 'animaux (46)', 9),
(591, 'animaux 47', 9, 'animaux (47)', 9),
(592, 'animaux 48', 9, 'animaux (48)', 9),
(593, 'animaux 49', 9, 'animaux (49)', 9),
(594, 'animaux 50', 9, 'animaux (50)', 9),
(595, 'animaux 51', 9, 'animaux (51)', 9),
(596, 'animaux 52', 9, 'animaux (52)', 9),
(597, 'animaux 53', 9, 'animaux (53)', 9),
(598, 'animaux 54', 9, 'animaux (54)', 9),
(599, 'animaux 55', 9, 'animaux (55)', 9),
(600, 'animaux 56', 9, 'animaux (56)', 9),
(601, 'animaux 57', 9, 'animaux (57)', 9),
(602, 'animaux 58', 9, 'animaux (58)', 9),
(603, 'animaux 59', 9, 'animaux (59)', 9),
(604, 'animaux 60', 9, 'animaux (60)', 9),
(605, 'animaux 61', 9, 'animaux (61)', 9),
(606, 'animaux 62', 9, 'animaux (62)', 9),
(607, 'animaux 63', 9, 'animaux (63)', 9),
(608, 'animaux 64', 9, 'animaux (64)', 9),
(609, 'animaux 65', 9, 'animaux (65)', 9),
(610, 'animaux 66', 9, 'animaux (66)', 9),
(611, 'animaux 67', 9, 'animaux (67)', 9),
(612, 'animaux 68', 9, 'animaux (68)', 9),
(613, 'animaux 69', 9, 'animaux (69)', 9),
(614, 'animaux 70', 9, 'animaux (70)', 9),
(615, 'animaux 71', 9, 'animaux (71)', 9),
(616, 'animaux 72', 9, 'animaux (72)', 9),
(617, 'animaux 73', 9, 'animaux (73)', 9),
(618, 'animaux 74', 9, 'animaux (74)', 9),
(619, 'animaux 75', 9, 'animaux (75)', 9),
(620, 'animaux 76', 9, 'animaux (76)', 9),
(621, 'animaux 77', 9, 'animaux (77)', 9),
(622, 'animaux 78', 9, 'animaux (78)', 9),
(623, 'animaux 79', 9, 'animaux (79)', 9),
(624, 'animaux 80', 9, 'animaux (80)', 9),
(625, 'animaux 81', 9, 'animaux (81)', 9),
(626, 'animaux 82', 9, 'animaux (82)', 9),
(627, 'animaux 83', 9, 'animaux (83)', 9),
(628, 'animaux 84', 9, 'animaux (84)', 9),
(629, 'animaux 85', 9, 'animaux (85)', 9),
(630, 'animaux 86', 9, 'animaux (86)', 9),
(631, 'animaux 87', 9, 'animaux (87)', 9),
(632, 'animaux 88', 9, 'animaux (88)', 9),
(633, 'animaux 89', 9, 'animaux (89)', 9),
(634, 'animaux 90', 9, 'animaux (90)', 9),
(635, 'animaux 91', 9, 'animaux (91)', 9),
(636, 'animaux 92', 9, 'animaux (92)', 9),
(637, 'animaux 93', 9, 'animaux (93)', 9),
(638, 'animaux 94', 9, 'animaux (94)', 9),
(639, 'animaux 95', 9, 'animaux (95)', 9),
(640, 'animaux 96', 9, 'animaux (96)', 9),
(641, 'animaux 97', 9, 'animaux (97)', 9),
(642, 'animaux 98', 9, 'animaux (98)', 9),
(643, 'animaux 99', 9, 'animaux (99)', 9),
(644, 'animaux 100', 9, 'animaux (100)', 9),
(645, 'animaux 101', 9, 'animaux (101)', 9),
(646, 'animaux 102', 9, 'animaux (102)', 9),
(647, 'animaux 103', 9, 'animaux (103)', 9),
(648, 'animaux 104', 9, 'animaux (104)', 9),
(649, 'animaux 105', 9, 'animaux (105)', 9),
(650, 'animaux 106', 9, 'animaux (106)', 9),
(651, 'animaux 107', 9, 'animaux (107)', 9),
(652, 'animaux 108', 9, 'animaux (108)', 9),
(653, 'animaux 109', 9, 'animaux (109)', 9),
(654, 'animaux 110', 9, 'animaux (110)', 9),
(655, 'animaux 111', 9, 'animaux (111)', 9),
(656, 'animaux 112', 9, 'animaux (112)', 9),
(657, 'animaux 113', 9, 'animaux (113)', 9),
(658, 'animaux 114', 9, 'animaux (114)', 9),
(659, 'animaux 115', 9, 'animaux (115)', 9),
(660, 'animaux 116', 9, 'animaux (116)', 9),
(661, 'animaux 117', 9, 'animaux (117)', 9),
(662, 'animaux 118', 9, 'animaux (118)', 9),
(663, 'animaux 119', 9, 'animaux (119)', 9),
(664, 'animaux 120', 9, 'animaux (120)', 9),
(665, 'animaux 121', 9, 'animaux (121)', 9),
(666, 'animaux 122', 9, 'animaux (122)', 9),
(667, 'animaux 123', 9, 'animaux (123)', 9),
(668, 'animaux 124', 9, 'animaux (124)', 9),
(669, 'animaux 125', 9, 'animaux (125)', 9),
(670, 'animaux 126', 9, 'animaux (126)', 9),
(671, 'animaux 127', 9, 'animaux (127)', 9),
(672, 'animaux 128', 9, 'animaux (128)', 9),
(673, 'logoDivers 1', 9, 'logoDivers (1)', 10),
(674, 'logoDivers 2', 9, 'logoDivers (2)', 10),
(675, 'logoDivers 3', 9, 'logoDivers (3)', 10),
(676, 'logoDivers 4', 9, 'logoDivers (4)', 10),
(677, 'logoDivers 5', 9, 'logoDivers (5)', 10),
(678, 'logoDivers 6', 9, 'logoDivers (6)', 10),
(679, 'logoDivers 7', 9, 'logoDivers (7)', 10),
(680, 'logoDivers 8', 9, 'logoDivers (8)', 10),
(681, 'logoDivers 9', 9, 'logoDivers (9)', 10),
(682, 'logoDivers 10', 9, 'logoDivers (10)', 10),
(683, 'logoDivers 11', 9, 'logoDivers (11)', 10),
(684, 'logoDivers 12', 9, 'logoDivers (12)', 10),
(685, 'logoDivers 13', 9, 'logoDivers (13)', 10),
(686, 'logoDivers 14', 9, 'logoDivers (14)', 10),
(687, 'logoDivers 15', 9, 'logoDivers (15)', 10),
(688, 'logoDivers 16', 9, 'logoDivers (16)', 10),
(689, 'logoDivers 17', 9, 'logoDivers (17)', 10),
(690, 'logoDivers 18', 9, 'logoDivers (18)', 10),
(691, 'logoDivers 19', 9, 'logoDivers (19)', 10),
(692, 'logoDivers 20', 9, 'logoDivers (20)', 10),
(693, 'logoDivers 21', 9, 'logoDivers (21)', 10),
(694, 'logoDivers 22', 9, 'logoDivers (22)', 10),
(695, 'logoDivers 23', 9, 'logoDivers (23)', 10),
(696, 'logoDivers 24', 9, 'logoDivers (24)', 10),
(697, 'logoDivers 25', 9, 'logoDivers (25)', 10),
(698, 'logoDivers 26', 9, 'logoDivers (26)', 10),
(699, 'logoDivers 27', 9, 'logoDivers (27)', 10),
(700, 'logoDivers 28', 9, 'logoDivers (28)', 10),
(701, 'logoDivers 29', 9, 'logoDivers (29)', 10),
(702, 'logoDivers 30', 9, 'logoDivers (30)', 10),
(703, 'logoDivers 31', 9, 'logoDivers (31)', 10),
(704, 'logoDivers 32', 9, 'logoDivers (32)', 10),
(705, 'logoDivers 33', 9, 'logoDivers (33)', 10),
(706, 'logoDivers 34', 9, 'logoDivers (34)', 10),
(707, 'logoDivers 35', 9, 'logoDivers (35)', 10),
(708, 'logoDivers 36', 9, 'logoDivers (36)', 10),
(709, 'logoDivers 37', 9, 'logoDivers (37)', 10),
(710, 'logoDivers 38', 9, 'logoDivers (38)', 10),
(711, 'logoDivers 39', 9, 'logoDivers (39)', 10),
(712, 'logoDivers 40', 9, 'logoDivers (40)', 10),
(713, 'logoDivers 41', 9, 'logoDivers (41)', 10),
(714, 'logoDivers 42', 9, 'logoDivers (42)', 10),
(715, 'logoDivers 43', 9, 'logoDivers (43)', 10),
(716, 'logoDivers 44', 9, 'logoDivers (44)', 10),
(717, 'logoDivers 45', 9, 'logoDivers (45)', 10),
(718, 'logoDivers 46', 9, 'logoDivers (46)', 10),
(719, 'logoDivers 47', 9, 'logoDivers (47)', 10),
(720, 'logoDivers 48', 9, 'logoDivers (48)', 10),
(721, 'logoDivers 49', 9, 'logoDivers (49)', 10),
(722, 'logoDivers 50', 9, 'logoDivers (50)', 10),
(723, 'logoDivers 51', 9, 'logoDivers (51)', 10),
(724, 'logoDivers 52', 9, 'logoDivers (52)', 10),
(725, 'logoDivers 53', 9, 'logoDivers (53)', 10),
(726, 'logoDivers 54', 9, 'logoDivers (54)', 10),
(727, 'logoDivers 55', 9, 'logoDivers (55)', 10),
(728, 'logoDivers 56', 9, 'logoDivers (56)', 10),
(729, 'logoDivers 57', 9, 'logoDivers (57)', 10),
(730, 'logoDivers 58', 9, 'logoDivers (58)', 10),
(731, 'logoDivers 59', 9, 'logoDivers (59)', 10),
(732, 'logoDivers 60', 9, 'logoDivers (60)', 10),
(733, 'logoDivers 61', 9, 'logoDivers (61)', 10),
(734, 'logoDivers 62', 9, 'logoDivers (62)', 10),
(735, 'logoDivers 63', 9, 'logoDivers (63)', 10),
(736, 'logoDivers 64', 9, 'logoDivers (64)', 10),
(737, 'logoDivers 65', 9, 'logoDivers (65)', 10),
(738, 'logoDivers 66', 9, 'logoDivers (66)', 10),
(739, 'logoDivers 67', 9, 'logoDivers (67)', 10),
(740, 'logoDivers 68', 9, 'logoDivers (68)', 10),
(741, 'logoDivers 69', 9, 'logoDivers (69)', 10),
(742, 'logoDivers 70', 9, 'logoDivers (70)', 10),
(743, 'logoDivers 71', 9, 'logoDivers (71)', 10),
(744, 'logoDivers 72', 9, 'logoDivers (72)', 10),
(745, 'logoDivers 73', 9, 'logoDivers (73)', 10),
(746, 'logoDivers 74', 9, 'logoDivers (74)', 10),
(747, 'logoDivers 75', 9, 'logoDivers (75)', 10),
(748, 'logoDivers 76', 9, 'logoDivers (76)', 10),
(749, 'logoDivers 77', 9, 'logoDivers (77)', 10),
(750, 'logoDivers 78', 9, 'logoDivers (78)', 10),
(751, 'logoDivers 79', 9, 'logoDivers (79)', 10),
(752, 'logoDivers 80', 9, 'logoDivers (80)', 10),
(753, 'logoDivers 81', 9, 'logoDivers (81)', 10),
(754, 'logoDivers 82', 9, 'logoDivers (82)', 10),
(755, 'logoDivers 83', 9, 'logoDivers (83)', 10),
(756, 'logoDivers 84', 9, 'logoDivers (84)', 10),
(757, 'logoDivers 85', 9, 'logoDivers (85)', 10),
(758, 'logoDivers 86', 9, 'logoDivers (86)', 10),
(759, 'logoDivers 87', 9, 'logoDivers (87)', 10),
(760, 'logoDivers 88', 9, 'logoDivers (88)', 10),
(761, 'logoDivers 89', 9, 'logoDivers (89)', 10),
(762, 'logoDivers 90', 9, 'logoDivers (90)', 10),
(763, 'logoDivers 91', 9, 'logoDivers (91)', 10),
(764, 'logoDivers 92', 9, 'logoDivers (92)', 10),
(765, 'logoDivers 93', 9, 'logoDivers (93)', 10),
(766, 'logoDivers 94', 9, 'logoDivers (94)', 10),
(767, 'logoDivers 95', 9, 'logoDivers (95)', 10),
(768, 'logoDivers 96', 9, 'logoDivers (96)', 10),
(769, 'logoDivers 97', 9, 'logoDivers (97)', 10),
(770, 'logoDivers 98', 9, 'logoDivers (98)', 10),
(771, 'logoDivers 99', 9, 'logoDivers (99)', 10),
(772, 'logoDivers 100', 9, 'logoDivers (100)', 10),
(773, 'logoDivers 101', 9, 'logoDivers (101)', 10),
(774, 'logoDivers 102', 9, 'logoDivers (102)', 10),
(775, 'logoDivers 103', 9, 'logoDivers (103)', 10),
(776, 'logoDivers 104', 9, 'logoDivers (104)', 10),
(777, 'logoDivers 105', 9, 'logoDivers (105)', 10),
(778, 'logoDivers 106', 9, 'logoDivers (106)', 10),
(779, 'logoDivers 107', 9, 'logoDivers (107)', 10),
(780, 'logoDivers 108', 9, 'logoDivers (108)', 10),
(781, 'logoDivers 109', 9, 'logoDivers (109)', 10),
(782, 'logoDivers 110', 9, 'logoDivers (110)', 10),
(783, 'logoDivers 111', 9, 'logoDivers (111)', 10),
(784, 'logoDivers 112', 9, 'logoDivers (112)', 10),
(785, 'logoDivers 113', 9, 'logoDivers (113)', 10),
(786, 'logoDivers 114', 9, 'logoDivers (114)', 10),
(787, 'logoDivers 115', 9, 'logoDivers (115)', 10),
(788, 'logoDivers 116', 9, 'logoDivers (116)', 10),
(789, 'logoDivers 117', 9, 'logoDivers (117)', 10),
(790, 'logoDivers 118', 9, 'logoDivers (118)', 10),
(791, 'logoDivers 119', 9, 'logoDivers (119)', 10),
(792, 'logoDivers 120', 9, 'logoDivers (120)', 10),
(793, 'logoDivers 121', 9, 'logoDivers (121)', 10),
(794, 'logoDivers 122', 9, 'logoDivers (122)', 10),
(795, 'logoDivers 123', 9, 'logoDivers (123)', 10);

-- --------------------------------------------------------

--
-- Structure de la table `mdf58_role`
--

DROP TABLE IF EXISTS `mdf58_role`;
CREATE TABLE IF NOT EXISTS `mdf58_role` (
  `id` int(10) UNSIGNED NOT NULL AUTO_INCREMENT,
  `role_name` varchar(45) NOT NULL,
  PRIMARY KEY (`id`),
  UNIQUE KEY `id_UNIQUE` (`id`)
) ENGINE=InnoDB AUTO_INCREMENT=2 DEFAULT CHARSET=utf8;

--
-- Déchargement des données de la table `mdf58_role`
--

INSERT INTO `mdf58_role` (`id`, `role_name`) VALUES
(1, 'user');

-- --------------------------------------------------------

--
-- Structure de la table `mdf58_user`
--

DROP TABLE IF EXISTS `mdf58_user`;
CREATE TABLE IF NOT EXISTS `mdf58_user` (
  `id` int(10) UNSIGNED NOT NULL AUTO_INCREMENT,
  `firstname` varchar(100) NOT NULL,
  `lastname` varchar(100) NOT NULL,
  `email` varchar(155) NOT NULL,
  `phone_number` int(10) UNSIGNED NOT NULL,
  `password` varchar(255) NOT NULL,
  `city` varchar(155) NOT NULL,
  `postal_code` varchar(45) NOT NULL,
  `adress` varchar(255) NOT NULL,
  `role_fk` int(10) UNSIGNED NOT NULL,
  PRIMARY KEY (`id`),
  UNIQUE KEY `id_UNIQUE` (`id`),
  UNIQUE KEY `email_UNIQUE` (`email`),
  KEY `fk_mdf58_user_mdf58_role_idx` (`role_fk`)
) ENGINE=InnoDB AUTO_INCREMENT=3 DEFAULT CHARSET=utf8;

--
-- Déchargement des données de la table `mdf58_user`
--

INSERT INTO `mdf58_user` (`id`, `firstname`, `lastname`, `email`, `phone_number`, `password`, `city`, `postal_code`, `adress`, `role_fk`) VALUES
(1, 'Noah', 'Decroix', 'noah.decroix3@gmail.com', 633990253, '$argon2i$v=19$m=65536,t=4,p=1$T3NSSTluYlNXc2psTjlJbw$aH7DIXG6plITx7HqWGJzTar+5bBi+udlVd9QvJIw+MM', 'Locquignol', '59530', 'MF du quesnes au leu', 1),
(2, 'Noah', 'Decroix', 'noah.decroix33@gmail.com', 633990253, '$argon2i$v=19$m=65536,t=4,p=1$dzI3eWNCdUJISHhvdzlJMg$GkPdZrfYV/xo5otfOArAQYIPFtmO5LkzxFFICoECkkE', 'zedikizkidzekd', 'dekiede', 'kedikeikdie', 1);

--
-- Contraintes pour les tables déchargées
--

--
-- Contraintes pour la table `basket_product`
--
ALTER TABLE `basket_product`
  ADD CONSTRAINT `fk_mdf58_product_has_mdf58_basket_mdf58_basket1` FOREIGN KEY (`basket_fk`) REFERENCES `mdf58_basket` (`id`) ON DELETE NO ACTION ON UPDATE NO ACTION,
  ADD CONSTRAINT `fk_mdf58_product_has_mdf58_basket_mdf58_product1` FOREIGN KEY (`product_fk`) REFERENCES `mdf58_product` (`id`) ON DELETE NO ACTION ON UPDATE NO ACTION;

--
-- Contraintes pour la table `mdf58_basket`
--
ALTER TABLE `mdf58_basket`
  ADD CONSTRAINT `fk_mdf58_basket_mdf58_product1` FOREIGN KEY (`product_fk`) REFERENCES `mdf58_product` (`id`) ON DELETE NO ACTION ON UPDATE NO ACTION,
  ADD CONSTRAINT `fk_mdf58_basket_mdf58_user1` FOREIGN KEY (`user_fk`) REFERENCES `mdf58_user` (`id`) ON DELETE NO ACTION ON UPDATE NO ACTION;

--
-- Contraintes pour la table `mdf58_order`
--
ALTER TABLE `mdf58_order`
  ADD CONSTRAINT `fk_mdf58_order_mdf58_basket1` FOREIGN KEY (`basket_fk`) REFERENCES `mdf58_basket` (`id`) ON DELETE NO ACTION ON UPDATE NO ACTION,
  ADD CONSTRAINT `fk_mdf58_order_mdf58_user1` FOREIGN KEY (`user_fk`) REFERENCES `mdf58_user` (`id`) ON DELETE NO ACTION ON UPDATE NO ACTION;

--
-- Contraintes pour la table `mdf58_product`
--
ALTER TABLE `mdf58_product`
  ADD CONSTRAINT `fk_mdf58_product_mdf58_category1` FOREIGN KEY (`category_fk`) REFERENCES `mdf58_category` (`id`) ON DELETE NO ACTION ON UPDATE NO ACTION;

--
-- Contraintes pour la table `mdf58_user`
--
ALTER TABLE `mdf58_user`
  ADD CONSTRAINT `fk_mdf58_user_mdf58_role` FOREIGN KEY (`role_fk`) REFERENCES `mdf58_role` (`id`) ON DELETE CASCADE ON UPDATE CASCADE;
COMMIT;

/*!40101 SET CHARACTER_SET_CLIENT=@OLD_CHARACTER_SET_CLIENT */;
/*!40101 SET CHARACTER_SET_RESULTS=@OLD_CHARACTER_SET_RESULTS */;
/*!40101 SET COLLATION_CONNECTION=@OLD_COLLATION_CONNECTION */;
